{
    "total_runtime": 45.70868396759033,
    "num_documents": 1,
    "input_load_time": 0,
    "workflows": {
        "create_base_text_units": {
            "overall": 0.2811298370361328,
            "0_orderby": 0.002658843994140625,
            "1_zip": 0.0032019615173339844,
            "2_aggregate_override": 0.005296945571899414,
            "3_chunk": 0.21257972717285156,
            "4_select": 0.005422830581665039,
            "5_unroll": 0.005805015563964844,
            "6_rename": 0.004680156707763672,
            "7_genid": 0.005547046661376953,
            "8_unzip": 0.004830837249755859,
            "9_copy": 0.0055921077728271484,
            "10_filter": 0.022916793823242188
        },
        "create_base_extracted_entities": {
            "overall": 14.392149925231934,
            "0_entity_extract": 14.367425203323364,
            "1_merge_graphs": 0.019800186157226562
        },
        "create_summarized_entities": {
            "overall": 4.8854780197143555,
            "0_summarize_descriptions": 4.88025689125061
        },
        "create_base_entity_graph": {
            "overall": 0.03560614585876465,
            "0_cluster_graph": 0.02244281768798828,
            "1_select": 0.007467031478881836
        },
        "create_final_entities": {
            "overall": 0.6371109485626221,
            "0_unpack_graph": 0.009519100189208984,
            "1_rename": 0.008893251419067383,
            "2_select": 0.008953094482421875,
            "3_dedupe": 0.012694120407104492,
            "4_rename": 0.009129762649536133,
            "5_filter": 0.023777008056640625,
            "6_text_split": 0.011720895767211914,
            "7_drop": 0.009411096572875977,
            "8_merge": 0.015686988830566406,
            "9_text_embed": 0.4872419834136963,
            "10_drop": 0.010663986206054688,
            "11_filter": 0.02280879020690918
        },
        "create_final_nodes": {
            "overall": 0.22806501388549805,
            "0_layout_graph": 0.015440940856933594,
            "1_unpack_graph": 0.01269078254699707,
            "2_unpack_graph": 0.012120962142944336,
            "3_filter": 0.02806687355041504,
            "4_drop": 0.012385129928588867,
            "5_select": 0.01391291618347168,
            "6_rename": 0.012296915054321289,
            "7_join": 0.030096769332885742,
            "8_convert": 0.06585097312927246,
            "9_rename": 0.015559911727905273
        },
        "create_final_communities": {
            "overall": 0.33426475524902344,
            "0_unpack_graph": 0.015674114227294922,
            "1_unpack_graph": 0.017632007598876953,
            "2_aggregate_override": 0.027344942092895508,
            "3_join": 0.024693965911865234,
            "4_join": 0.02099299430847168,
            "5_concat": 0.015306949615478516,
            "6_filter": 0.040750980377197266,
            "7_aggregate_override": 0.02098989486694336,
            "8_join": 0.024934768676757812,
            "9_filter": 0.037507057189941406,
            "10_fill": 0.01793813705444336,
            "11_merge": 0.02042102813720703,
            "12_copy": 0.018419981002807617,
            "13_select": 0.018872737884521484
        },
        "join_text_units_to_entity_ids": {
            "overall": 0.07549285888671875,
            "0_select": 0.017403841018676758,
            "1_unroll": 0.019746065139770508,
            "2_aggregate_override": 0.023190736770629883
        },
        "create_final_relationships": {
            "overall": 0.2710087299346924,
            "0_unpack_graph": 0.018641948699951172,
            "1_filter": 0.06285810470581055,
            "2_rename": 0.021550655364990234,
            "3_filter": 0.041284799575805664,
            "4_drop": 0.019962787628173828,
            "5_compute_edge_combined_degree": 0.026568889617919922,
            "6_convert": 0.0423121452331543,
            "7_convert": 0.020449161529541016
        },
        "join_text_units_to_relationship_ids": {
            "overall": 0.1069488525390625,
            "0_select": 0.019608020782470703,
            "1_unroll": 0.021573781967163086,
            "2_aggregate_override": 0.025242328643798828,
            "3_select": 0.02215290069580078
        },
        "create_final_community_reports": {
            "overall": 20.71130919456482,
            "0_prepare_community_reports_nodes": 0.02205801010131836,
            "1_prepare_community_reports_edges": 0.023531198501586914,
            "2_restore_community_hierarchy": 0.02647876739501953,
            "3_prepare_community_reports": 0.04969501495361328,
            "4_create_community_reports": 20.540435791015625,
            "5_window": 0.029315948486328125
        },
        "create_final_text_units": {
            "overall": 0.3173191547393799,
            "0_select": 0.0236208438873291,
            "1_rename": 0.02478623390197754,
            "2_join": 0.03576397895812988,
            "3_join": 0.062380075454711914,
            "4_aggregate_override": 0.05057096481323242,
            "5_select": 0.09736490249633789
        },
        "create_base_documents": {
            "overall": 0.5606517791748047,
            "0_unroll": 0.06099200248718262,
            "1_select": 0.043482065200805664,
            "2_rename": 0.0458827018737793,
            "3_join": 0.04680275917053223,
            "4_aggregate_override": 0.039369821548461914,
            "5_join": 0.04238700866699219,
            "6_rename": 0.1701188087463379,
            "7_convert": 0.06933283805847168
        },
        "create_final_documents": {
            "overall": 0.08491301536560059,
            "0_rename": 0.0409550666809082
        }
    }
}